first_name,last_name,street,city,email,phone
Jacklyn,Doeg,40 Steensland Avenue,Vikhorevka,jdoeg0@issuu.com,1055020715
Jarvis,Ricardet,6530 Loftsgordon Hill,Huangbu,jricardet1@addtoany.com,1814077112
Lissy,Beevor,93314 Merchant Court,Mosina,lbeevor2@google.co.jp,4282074930
Tanya,MacAlpine,67076 Shasta Parkway,Tsiombe,tmacalpine3@shinystat.com,9334943138
Wood,Condliffe,9 Village Plaza,Laugar,wcondliffe4@t-online.de,2598466342
Toby,Dodge,250 Milwaukee Crossing,Al Mijlad,tdodge5@xing.com,5488750018
Helli,Turmel,7 Duke Center,Itatuba,hturmel6@amazon.co.jp,5739113293
Vivianne,Matuszak,724 Helena Drive,NÃ¼rnberg,vmatuszak7@google.co.uk,6837547243
Evita,Champley,71322 Commercial Alley,Pingshan,echampley8@un.org,6893797261
Allina,Rippingall,45992 Spohn Junction,Jiusi,arippingall9@mashable.com,2655983747
